rear,rear
remarked,rear
regarded,rear
regard,rear
remark,rear
remarks,rear
reward,rear
rewards,rear
regards,rear
reared,rear
rewarded,rear
dreary,rear
retarded,rear
remarry,rear
repartee,rear
rearing,rear
retard,rear
pear,pear
pearls,pear
pearl,pear
spear,pear
pearly,pear
spears,pear
prairies,prar
prairie,prar
purer,prer
preur,prer
spread,prea
prepared,prea
spreads,prea
prepare,prea
preached,prea
prevail,prea
preach,prea
prevails,prea
preamble,prea
preacher,prea
preface,prea
predator,prea
prepares,prea
presage,prea
heard,ear
years,ear
dear,ear
year,ear
near,ear
early,ear
heart,ear
clear,ear
hear,ear
nearly,ear
tears,ear
fear,ear
clearly,ear
earth,ear
learned,ear
hearing,ear
wearing,ear
bear,ear
nearer,ear
separate,ear
enlarged,ear
feared,ear
search,ear
ears,ear
cleared,ear
weary,ear
nearest,ear
eager,ear
beard,ear
bearing,ear
eagerly,ear
learn,ear
learning,ear
earlier,ear
hearts,ear
wear,ear
clearing,ear
tear,ear
tearing,ear
fears,ear
dearest,ear
fearing,ear
bears,ear
earliest,ear
heartily,ear
enlarge,ear
searched,ear
earn,ear
smeared,ear
hearty,ear
swear,ear
seward,ear
nearness,ear
clearer,ear
earthly,ear
hears,ear
earnest,ear
earned,ear
bearers,ear
earnings,ear
nearing,ear
earners,ear
dearly,ear
gerard,ear
edward,ear
embargo,ear
wearily,ear
fearful,ear
fearless,ear
departed,ear
bearded,ear
bearings,ear
embark,ear
hearted,ear
beware,ear
tearful,ear
earning,ear
wearied,ear
hearers,ear
wears,ear
gear,ear
earrings,ear
embarked,ear
depart,ear
earl,ear
searches,ear
eaters,ear
cedars,ear
beards,ear
hearer,ear
enlarges,ear
learns,ear
esmarch,ear
nearby,ear
newark,ear
cedar,ear
bearer,ear
smear,ear
bearskin,ear
earthen,ear
seared,ear
clearest,ear
smearing,ear
clears,ear
meagre,ear
dearer,ear
hearken,ear
edgar,ear
hearth,ear
learnt,ear
neared,ear
learner,ear
bleared,ear
edwards,ear
tearless,ear
bearable,ear
yearning,ear
yearly,ear
bexar,ear
kearney,ear
menard,ear
swears,ear
hearings,ear
earner,ear
hearst,ear
wearer,ear
earshot,ear
earle,ear
swearing,ear
clearcut,ear
tearworn,ear
errare,ear
earache,ear
earthy,ear
sears,ear
rarely,rar
rare,rar
roar,rar
railroad,rar
roared,rar
rarefied,rar
rarer,rar
agrarian,rar
fragrant,rar
ramrod,rar
roaring,rar
rarity,rar
razor,rar
rosary,rar
friar,rar
gdrard,rar
briar,rar
errare,rar
ramrods,rar
rotary,rar
order,rer
orders,rer
returned,rer
return,rer
artery,rer
ordered,rer
river,rer
retreat,rer
report,rer
arteries,rer
referred,rer
reform,rer
reports,rer
reported,rer
orderly,rer
retired,rer
record,rer
restrain,rer
arterial,rer
reproach,rer
returns,rer
reserve,rer
retire,rer
recorded,rer
robert,rer
records,rer
regret,rer
arterio,rer
rivers,rer
ruler,rer
refrain,rer
rulers,rer
recur,rer
rider,rer
reserved,rer
remorse,rer
reforms,rer
recruits,rer
ryder,rer
reverse,rer
resort,rer
retiring,rer
reserves,rer
recurred,rer
refer,rer
recurs,rer
riders,rer
resorted,rer
repress,rer
redress,rer
refers,rer
ordering,rer
reverie,rer
rescript,rer
retract,rer
retro,rer
retorted,rer
roger,rer
reverses,rer
restrict,rer
recruit,rer
rogers,rer
regrets,rer
reread,rer
reporter,rer
reversed,rer
reproved,rer
reversal,rer
retreats,rer
retires,rer
frere,rer
roberts,rer
recross,rer
reformer,rer
retracts,rer
reprisal,rer
reverdin,rer
retort,rer
reformed,rer
reverent,rer
orderers,rer
reverted,rer
retraite,rer
reproof,rer
rebirth,rer
refresh,rer
revert,rer
referee,rer
referral,rer
retrieve,rer
reproche,rer
reverend,rer
reveries,rer
freer,rer
recorder,rer
ruder,rer
carer,rer
rentrez,rer
resorts,rer
rover,rer
rovers,rer
retorts,rer
risers,rer
riser,rer
revered,rer
truer,rer
retraced,rer
reborn,rer
recurved,rer
great,rea
already,rea
really,rea
remained,rea
ready,rea
reached,rea
read,rea
repeated,rea
reason,rea
area,rea
greater,rea
remain,rea
relation,rea
reading,rea
treaty,rea
real,rea
readily,rea
break,rea
reaction,rea
treated,rea
breast,rea
reach,rea
repair,rea
stream,rea
remains,rea
greatest,rea
dreadful,rea
reasons,rea
created,rea
breaking,rea
greatly,rea
reaching,rea
replaced,rea
recalled,rea
realized,rea
forearm,rea
revealed,rea
dream,rea
related,rea
areas,rea
retained,rea
treasury,rea
breath,rea
realize,rea
recall,rea
screamed,rea
research,rea
reaches,rea
bread,rea
retain,rea
orleans,rea
treat,rea
reality,rea
creature,rea
release,rea
relative,rea
repeat,rea
creating,rea
repeal,rea
treason,rea
treating,rea
realm,rea
relate,rea
treaties,rea
breach,rea
relapse,rea
reliable,rea
refrain,rea
replace,rea
relating,rea
treasure,rea
bureau,rea
dreamed,rea
breaks,rea
create,rea
dreams,rea
released,rea
creation,rea
thread,rea
reliance,rea
reveal,rea
ireland,rea
relaxed,rea
regain,rea
scream,rea
cream,rea
screams,rea
readable,rea
reader,rea
streamed,rea
dread,rea
tread,rea
breadth,rea
streams,rea
threat,rea
creaking,rea
dreaded,rea
readers,rea
creaked,rea
breathe,rea
repealed,rea
reassure,rea
threaten,rea
repay,rea
reads,rea
creak,rea
threads,rea
breathed,rea
greasy,rea
realise,rea
relapses,rea
reactive,rea
threats,rea
regained,rea
dreaming,rea
arena,rea
rectal,rea
repaired,rea
replaces,rea
streaks,rea
firearms,rea
renal,rea
retract,rea
treading,rea
abreast,rea
retains,rea
creases,rea
creator,rea
reasoner,rea
relates,rea
react,rea
remnant,rea
reveals,rea
moreau,rea
repaid,rea
reasoned,rea
relapsed,rea
relay,rea
repairs,rea
grease,rea
relays,rea
reacted,rea
reaping,rea
freak,rea
dreamy,rea
relax,rea
realised,rea
rameau,rea
dreading,rea
wreaths,rea
reaped,rea
streak,rea
creates,rea
reasson,rea
creative,rea
realism,rea
reddaway,rea
grenade,rea
relaxing,rea
reappear,rea
retracts,rea
relaxes,rea
realms,rea
recalls,rea
wreath,rea
reacting,rea
renamed,rea
streaked,rea
breasts,rea
cereals,rea
rebates,rea
reap,rea
remnants,rea
retail,rea
unreal,rea
breakers,rea
ordeal,rea
retaken,rea
trepak,rea
dreamer,rea
urea,rea
breaches,rea
reaper,rea
regains,rea
treats,rea
creamy,rea
arrears,rea
reaumur,rea
retraite,rea
dreamt,rea
freaks,rea
dreamers,rea
breathes,rea
realizes,rea
repacked,rea
cereal,rea
retailer,rea
reawoke,rea
reactor,rea
reload,rea
reawaken,rea
regatta,rea
reheat,rea
repast,rea
repeats,rea
treatise,rea
unreaped,rea
readmit,rea
reams,rea
acreage,rea
breakup,rea
regal,rea
rental,rea
freakish,rea
recanted,rea
remanded,rea
breasted,rea
reclaim,rea
crease,rea
reloaded,rea
creaks,rea
dreamest,rea
reacts,rea
repassed,rea
recast,rea
forearms,rea
part,par
party,par
parts,par
paper,par
papers,par
parties,par
apart,par
paris,par
separate,par
partly,par
parents,par
apparent,par
pair,par
partner,par
spare,par
partial,par
parted,par
upwards,par
pardon,par
paraffin,par
parade,par
parent,par
patriot,par
upward,par
parallel,par
pharynx,par
park,par
patriots,par
spared,par
partisan,par
sparks,par
patrick,par
parotid,par
pairs,par
parish,par
patrol,par
parting,par
paternal,par
spark,par
paler,par
partners,par
paring,par
pauvre,par
parker,par
parched,par
imparts,par
parrot,par
parcel,par
particle,par
parapet,par
pantry,par
sparkled,par
parquet,par
sparkle,par
pakhra,par
panorama,par
imparted,par
impart,par
parietal,par
patron,par
paroxysm,par
sparrow,par
depart,par
parcels,par
parkman,par
paralyze,par
paterson,par
pardons,par
parity,par
parades,par
parole,par
parental,par
partake,par
parasite,par
parisian,par
parietes,par
paramore,par
parleys,par
paresis,par
patrons,par
partakes,par
pared,par
patrols,par
parlor,par
sparing,par
paltry,par
parr,par
paradise,par
parading,par
pancreas,par
parma,par
padre,par
parait,par
parce,par
parking,par
sparrows,par
parlour,par
pardoned,par
apparel,par
spares,par
parson,par
paroling,par
parry,par
sparkles,par
paradol,par
partie,par
pancras,par
pizarro,par
parceled,par
parables,par
parsons,par
parlance,par
parley,par
patroons,par
polar,par
paraded,par
para,par
pari,par
partite,par
pierre,per
emperor,per
power,per
perhaps,per
period,per
person,per
powers,per
upper,per
persons,per
papers,per
personal,per
powerful,per
imperial,per
peter,per
superior,per
perfect,per
emperors,per
periods,per
peri,per
permit,per
sphere,per
perform,per
poverty,per
perished,per
empereur,per
perish,per
persist,per
operate,per
piercing,per
perceive,per
persuade,per
pierce,per
peering,per
persists,per
opera,per
pleura,per
peterson,per
peroxide,per
poetry,per
persian,per
peroneal,per
pierced,per
superb,per
operated,per
peril,per
paternal,per
perils,per
expert,per
pershing,per
puberty,per
spheres,per
aperture,per
periodic,per
peronei,per
hyper,per
operator,per
permits,per
perineum,per
perfumed,per
taper,per
perched,per
peered,per
perfume,per
perry,per
super,per
pere,per
peru,per
perch,per
peer,per
tapers,per
perilous,per
paterson,per
perishes,per
poker,per
pier,per
pervaded,per
petrovna,per
pleural,per
tapering,per
pleurisy,per
persia,per
capers,per
pernio,per
peroneus,per
peers,per
peur,per
permeate,per
petrusha,per
perplex,per
experts,per
viper,per
petrov,per
pernetti,per
petrol,per
percy,per
piers,per
pleurs,per
superbe,per
perverse,per
percent,per
peterhof,per
perusal,per
petropol,per
perdere,per
spyer,per
peters,per
personen,per
asperity,per
pokers,per
operatic,per
petrarch,per
peeress,per
petered,per
peerage,per
capered,per
leper,per
peterkin,per
perturb,per
caper,per
pervades,per
operable,per
pervade,per
pervious,per
percha,per
perspire,per
petrous,per
petya,pea
speak,pea
peace,pea
perhaps,pea
appeared,pea
speaking,pea
please,pea
appear,pea
pleasure,pea
peasants,pea
appears,pea
pleasant,pea
pleased,pea
peasant,pea
appeal,pea
peaceful,pea
repeat,pea
speaker,pea
repeal,pea
operate,pea
plea,pea
pelageya,pea
appealed,pea
speaks,pea
appeals,pea
pleasing,pea
pleas,pea
pleases,pea
penza,pea
pleaded,pea
operator,pea
speakers,pea
pleading,pea
peak,pea
peaked,pea
upheaval,pea
peaks,pea
peas,pea
appease,pea
penalty,pea
appeased,pea
peal,pea
peals,pea
pedantic,pea
plead,pea
petal,pea
plenary,pea
repeats,pea
penance,pea
piebald,pea
peanuts,pea
peaches,pea
penal,pea
operatic,pea
petrarch,pea
pleads,pea
pheasant,pea
peerage,pea
pedal,pea
pervades,pea
operable,pea
pervade,pea
pierre,prr
progress,prr
program,prr
portrait,prr
porridge,prr
prior,prr
spurred,prr
parrot,prr
sparrow,prr
protrude,prr
spurring,prr
programs,prr
priority,prr
sparrows,prr
portray,prr
perhaps,pra
primary,pra
probably,pra
practice,pra
private,pra
pray,pra
sprang,pra
prayer,pra
phrase,pra
probable,pra
prayed,pra
paraffin,pra
parade,pra
operate,pra
sprain,pra
pratzen,pra
parallel,pra
praise,pra
prayers,pra
phrases,pra
supra,pra
praised,pra
spiral,pra
praying,pra
depraved,pra
operator,pra
parapet,pra
phrased,pra
prank,pra
uproar,pra
pirates,pra
pronated,pra
pronator,pra
spray,pra
paralyze,pra
pirate,pra
sprained,pra
portages,pra
portable,pra
praising,pra
privacy,pra
plural,pra
parades,pra
partake,pra
parasite,pra
praises,pra
privates,pra
pranced,pra
primacy,pra
paramore,pra
prater,pra
portal,pra
pyramids,pra
sprains,pra
practise,pra
partakes,pra
appraise,pra
upbraid,pra
paradise,pra
sprayed,pra
parading,pra
upraised,pra
ephraim,pra
parait,pra
upgrade,pra
profane,pra
sprawled,pra
privat,pra
sprays,pra
prosaic,pra
sporadic,pra
paradol,pra
prima,pra
operatic,pra
prague,pra
petrarch,pra
parables,pra
parlance,pra
peerage,pra
prancing,pra
prattle,pra
pranks,pra
apraksin,pra
pyramid,pra
spraying,pra
pervades,pra
operable,pra
piracies,pra
pervade,pra
present,pre
project,pre
pressure,pre
process,pre
presence,pre
property,pre
prevent,pre
pressed,pre
express,pre
pretty,pre
prove,pre
press,pre
proved,pre
supreme,pre
previous,pre
pressing,pre
presents,pre
pure,pre
proper,pre
prices,pre
price,pre
parents,pre
prayer,pre
pride,pre
protect,pre
perfect,pre
precious,pre
protests,pre
preserve,pre
poured,pre
priest,pre
purse,pre
empress,pre
pretext,pre
projects,pre
porter,pre
prepuce,pre
prefer,pre
properly,pre
purely,pre
proves,pre
preceded,pre
protest,pre
parent,pre
proceed,pre
spores,pre
prevents,pre
prayers,pre
probe,pre
prey,pre
perceive,pre
priests,pre
precise,pre
presume,pre
pregnant,pre
premises,pre
impress,pre
prone,pre
prime,pre
prize,pre
prestige,pre
pretend,pre
repress,pre
proceeds,pre
presses,pre
pretense,pre
prettier,pre
poorer,pre
precede,pre
pyrexia,pre
parker,pre
parcel,pre
prose,pre
protects,pre
precedes,pre
proverb,pre
preying,pre
prizes,pre
purest,pre
prized,pre
phrenic,pre
parietal,pre
protein,pre
protege,pre
prelude,pre
parcels,pre
oppress,pre
prudence,pre
premiers,pre
purses,pre
preside,pre
prowess,pre
pretence,pre
pretexts,pre
protegee,pre
proteins,pre
spore,pre
poorest,pre
parental,pre
porters,pre
profess,pre
presided,pre
parietes,pre
prater,pre
proverbs,pre
parleys,pre
paresis,pre
premium,pre
preble,pre
prettily,pre
spire,pre
purves,pre
purges,pre
spree,pre
premier,pre
prefers,pre
preclude,pre
permeate,pre
probed,pre
sprees,pre
precepts,pre
purged,pre
prefix,pre
predict,pre
prudent,pre
depress,pre
proteids,pre
pretends,pre
prefect,pre
pernetti,pre
purge,pre
premise,pre
perverse,pre
preston,pre
percent,pre
presnya,pre
perdere,pre
portend,pre
spares,pre
preis,pre
progeny,pre
pried,pre
preyed,pre
primeval,pre
portent,pre
purveyor,pre
parley,pre
peeress,pre
preening,pre
professe,pre
proverbe,pre
promener,pre
prided,pre
pirie,pre
pores,pre
presidt,pre
